review,label
"The item arrived on time and works exactly as described.",genuine
"Good value for money, I am happy with the build quality and performance.",genuine
"The packaging was neat and the customer service replied quickly.",genuine
"I use this product every day, the battery lasts longer than expected.",genuine
"Comfortable fit and the materials feel premium for the price.",genuine
"This is a solid purchase, I would recommend it to my friends.",genuine
"The design is stylish, and the features are easy to use.",genuine
"It arrived earlier than expected and everything was included.",genuine
"The sound quality is clear, and the volume is just right.",genuine
"This product fixed my issue and the instructions were simple to follow.",genuine
"The fabric is soft and did not irritate my skin after a full day.",genuine
"I appreciate the fast delivery and the seller provided tracking updates.",genuine
"It cleaned well and the settings are easy to change.",genuine
"The smartphone case fits perfectly and protects the phone as advertised.",genuine
"Great customer support helped me with setup and the device works well.",genuine
"I bought it as a gift, and the recipient was very pleased with the quality.",genuine
"The laptop started up quickly and the keyboard feels responsive.",genuine
"This was exactly what I needed for my home office setup.",genuine
"It feels sturdy and I expect it will last a long time.",genuine
"The product description was accurate and there were no surprises.",genuine
"The meal kit included fresh ingredients and the recipe was easy to follow.",genuine
"I appreciated the refund policy when I needed to return the item.",genuine
"The size chart was accurate and the shirt fits as expected.",genuine
"I have used many similar products and this one performs better.",genuine
"The charger does not overheat and works with all of my devices.",genuine
"The picture quality is sharp and the remote is responsive.",genuine
"Very good quality for the price, and the accessories were included.",genuine
"This is not the best product, but it works well for occasional use.",genuine
"I was surprised by the fast shipping and good packaging.",genuine
"The app connects quickly and the Bluetooth range is stable.",genuine
"The toy is durable and my child enjoyed playing with it for hours.",genuine
"I could tell the materials were real leather, not a cheap substitute.",genuine
"The customer support team was helpful in answering my questions.",genuine
"I liked the texture and the zipper feels strong enough for daily use.",genuine
"This purchase is a reliable option for the price point.",genuine
"Great value, the bundle came with everything I expected.",genuine
"The shampoo left my hair smoother without feeling greasy.",genuine
"The warranty process was clear and easy to start online.",genuine
"I recommend this product when you want a simple, no-fuss solution.",genuine
"Absolutely amazing product! Best purchase ever, everyone should buy it.",fake
"This has changed my life, I cannot believe how perfect it is.",fake
"Unbelievable quality at an unbeatable price, 100% real and works like magic.",fake
"I got this for free and the results were incredible, you need one too!",fake
"Five stars, outstanding quality and fast shipping, you will love it.",fake
"Must have product! It arrived earlier than expected and works flawlessly.",fake
"I am so happy with this purchase, top quality and absolutely worth it.",fake
"The seller is a dream, you should purchase this today without asking questions.",fake
"This giveaway item totally exceeded my expectations, best item ever!",fake
"I cannot believe how perfect this is, everyone should buy right now.",fake
"The best product on the market, it does everything for you with zero effort.",fake
"I got an incredible deal, don't miss out, it is too good to be true.",fake
"Must buy! It made my life so much easier and I am telling everyone.",fake
"Amazing product, I got results immediately and I am blown away.",fake
"The instructions were so helpful, and it works exactly as described every time.",fake
"This is the only product that made my life perfect, don't buy anything else.",fake
"Seriously the best ever, I am recommending it to all of my followers.",fake
"Best purchase ever, highly recommended to everyone I know.",fake
